month,product,orders
2025-09,ProLon 5-Day,1204
2025-09,ProLon Next Gen,541
2025-09,Fast Bar,297
2025-09,L-Pill,131
2025-10,ProLon 5-Day,877
2025-10,ProLon Next Gen,391
2025-10,Fast Bar,205
2025-10,L-Pill,94
2025-11,ProLon 5-Day,1303
2025-11,ProLon Next Gen,621
2025-11,Fast Bar,331
2025-11,L-Pill,135
2025-12,ProLon 5-Day,1055
2025-12,ProLon Next Gen,509
2025-12,Fast Bar,271
2025-12,L-Pill,119
2026-01,ProLon 5-Day,1433
2026-01,ProLon Next Gen,698
2026-01,Fast Bar,340
2026-01,L-Pill,166
2026-02,ProLon 5-Day,1079
2026-02,ProLon Next Gen,446
2026-02,Fast Bar,256
2026-02,L-Pill,115
2026-03,ProLon 5-Day,902
2026-03,ProLon Next Gen,380
2026-03,Fast Bar,226
2026-03,L-Pill,96
2026-04,ProLon 5-Day,866
2026-04,ProLon Next Gen,418
2026-04,Fast Bar,217
2026-04,L-Pill,92
2026-05,ProLon 5-Day,870
2026-05,ProLon Next Gen,402
2026-05,Fast Bar,206
2026-05,L-Pill,94
2026-06,ProLon 5-Day,875
2026-06,ProLon Next Gen,395
2026-06,Fast Bar,209
2026-06,L-Pill,91
2026-07,ProLon 5-Day,902
2026-07,ProLon Next Gen,384
2026-07,Fast Bar,226
2026-07,L-Pill,90
2026-08,ProLon 5-Day,878
2026-08,ProLon Next Gen,407
2026-08,Fast Bar,212
2026-08,L-Pill,101
2026-09,ProLon 5-Day,1214
2026-09,ProLon Next Gen,517
2026-09,Fast Bar,275
2026-09,L-Pill,119
